Team,FIFA_Rank
Argentina,1
Spain,2
France,3
England,4
Portugal,5
Brazil,6
Morocco,7
Netherlands,8
Belgium,9
Germany,10
Croatia,11
Italy,12
Colombia,13
Mexico,14
Senegal,15
Uruguay,16
USA,17
Japan,18
Switzerland,19
Iran,20
Denmark,21
Türkiye,22
Ecuador,23
Austria,24
South Korea,25
Nigeria,26
Australia,27
Algeria,28
Egypt,29
Canada,30
Norway,31
Ukraine,32
Ivory Coast,33
Panama,34
Russia,35
Poland,36
Wales,37
Sweden,38
Hungary,39
Czechia,40
Paraguay,41
Scotland,42
Serbia,43
Cameroon,44
Tunisia,45
Congo DR,46
Slovakia,47
Greece,48
Venezuela,49
Uzbekistan,50
Mali,51
Costa Rica,52
Romania,53
Slovenia,54
Jamaica,55
Qatar,56
Iraq,57
Albania,58
Georgia,59
South Africa,60
Saudi Arabia,61
Bosnia and Herzegovina,62
Burkina Faso,63
Cabo Verde,64
Guinea,65
Honduras,66
United Arab Emirates,67
Jordan,68
El Salvador,69
Iceland,70
North Macedonia,71
Northern Ireland,72
Finland,73
Republic of Ireland,74
Oman,75
Bahrain,76
Israel,77
Bulgaria,78
Luxembourg,79
Equatorial Guinea,80
Ghana,81
Benin,82
Gabon,83
Zambia,84
Uganda,85
Angola,86
Haiti,87
Curaçao,88
Trinidad and Tobago,89
Guatemala,90
Armenia,91
Belarus,92
Kosovo,93
Kazakhstan,94
Azerbaijan,95
Estonia,96
Cyprus,97
Latvia,98
Lithuania,99
Kenya,100
Thailand,101
Kyrgyzstan,102
Tajikistan,103
Vietnam,104
Lebanon,105
Palestine,106
Mauritania,107
Namibia,108
Zimbabwe,109
Togo,110
Libya,111
Niger,112
Tanzania,113
Syria,114
China,115
Korea DPR,116
India,117
Sudan,118
Sierra Leone,119
Central African Republic,120
Rwanda,121
Gambia,122
Burundi,123
Liberia,124
Ethiopia,125
Botswana,126
Lesotho,127
Eswatini,128
Malawi,129
Comoros,130
Solomon Islands,131
Faroe Islands,132
Moldova,133
Andorra,134
Malta,135
Liechtenstein,136
Gibraltar,137
Antigua and Barbuda,138
Suriname,139
Nicaragua,140
Saint Kitts and Nevis,141
Dominican Republic,142
Guyana,143
Puerto Rico,144
Saint Lucia,145
Cuba,146
Bermuda,147
Grenada,148
Saint Vincent and the Grenadines,149
Montserrat,150
Barbados,151
Dominica,152
Belize,153
Saint Martin,154
Cayman Islands,155
Bahamas,156
Aruba,157
Turks and Caicos Islands,158
British Virgin Islands,159
US Virgin Islands,160
Anguilla,161
Malaysia,162
Kuwait,163
Turkmenistan,164
Philippines,165
Indonesia,166
Yemen,167
"Hong Kong, China",168
Maldives,169
Chinese Taipei,170
Myanmar,171
Nepal,172
Cambodia,173
Macau,174
Bhutan,175
Laos,176
Bangladesh,177
Brunei Darussalam,178
Timor-Leste,179
Pakistan,180
Guam,181
Sri Lanka,182
Fiji,183
New Caledonia,184
Tahiti,185
Vanuatu,186
Papua New Guinea,187
American Samoa,188
Samoa,189
Cook Islands,190
Tonga,191
Madagascar,192
Mauritius,193
Chad,194
São Tomé and Príncipe,195
Djibouti,196
Seychelles,197
Somalia,198
Eritrea,199
Sint Maarten,204
San Marino,211
