team,wins_last5,draws_last5,losses_last5,form_points,goals_scored,goals_conceded,goal_difference,avg_goals_scored,avg_goals_conceded,elo_rating,FIFA_Rank
Mexico,5,0,0,15,11.0,1.0,10.0,2.2,0.2,1860,14.0
South Africa,1,2,2,5,3.0,5.0,-2.0,0.6,1.0,1524,60.0
South Korea,3,0,2,9,8.0,3.0,5.0,1.6,0.6,1752,25.0
Czechia,2,2,1,8,11.0,7.0,4.0,2.2,1.4,1726,40.0
Canada,2,3,0,9,10.0,2.0,8.0,2.0,0.4,1784,30.0
Switzerland,2,3,0,9,10.0,4.0,6.0,2.0,0.8,1889,19.0
Qatar,0,2,3,2,1.0,11.0,-10.0,0.2,2.2,1425,56.0
Bosnia and Herzegovina,0,4,1,4,4.0,7.0,-3.0,0.8,1.4,1594,62.0
Brazil,3,1,1,10,13.0,7.0,6.0,2.6,1.4,1984,6.0
Morocco,3,2,0,11,13.0,3.0,10.0,2.6,0.6,1822,7.0
Haiti,1,1,3,4,6.0,5.0,1.0,1.2,1.0,1532,87.0
Scotland,3,0,2,9,9.0,3.0,6.0,1.8,0.6,1767,42.0
USA,2,0,3,6,10.0,12.0,-2.0,2.0,2.4,1721,17.0
Paraguay,3,0,2,9,9.0,7.0,2.0,1.8,1.4,1833,41.0
Australia,3,1,1,10,9.0,3.0,6.0,1.8,0.6,1783,27.0
Türkiye,4,0,1,12,8.0,3.0,5.0,1.6,0.6,1902,22.0
Germany,5,0,0,15,19.0,6.0,13.0,3.8,1.2,1923,10.0
Curaçao,1,0,4,3,7.0,18.0,-11.0,1.4,3.6,1436,88.0
Ivory Coast,4,0,1,12,10.0,4.0,6.0,2.0,0.8,1676,33.0
Ecuador,2,2,1,8,7.0,4.0,3.0,1.4,0.8,1933,23.0
Netherlands,2,2,1,8,7.0,6.0,1.0,1.4,1.2,1961,8.0
Japan,4,1,0,13,8.0,2.0,6.0,1.6,0.4,1904,18.0
Sweden,3,1,1,10,14.0,9.0,5.0,2.8,1.8,1719,38.0
Tunisia,1,1,3,4,2.0,11.0,-9.0,0.4,2.2,1636,45.0
Belgium,3,2,0,11,14.0,4.0,10.0,2.8,0.8,1867,9.0
Egypt,2,2,1,8,7.0,3.0,4.0,1.4,0.6,1689,29.0
Iran,3,1,1,10,13.0,5.0,8.0,2.6,1.0,1760,20.0
New Zealand,1,1,3,4,6.0,10.0,-4.0,1.2,2.0,1585,86.0
Spain,2,3,0,9,7.0,2.0,5.0,1.4,0.4,2165,2.0
Cape Verde,1,2,2,5,6.0,8.0,-2.0,1.2,1.6,1549,64.0
Saudi Arabia,1,2,2,5,6.0,5.0,1.0,1.2,1.0,1568,61.0
Uruguay,0,4,1,4,3.0,7.0,-4.0,0.6,1.4,1892,16.0
France,4,0,1,12,12.0,6.0,6.0,2.4,1.2,2081,3.0
Senegal,2,1,2,7,8.0,7.0,1.0,1.6,1.4,1878,15.0
Norway,2,2,1,8,9.0,5.0,4.0,1.8,1.0,1912,31.0
Iraq,2,1,2,7,5.0,8.0,-3.0,1.0,1.6,1607,57.0
Argentina,5,0,0,15,15.0,1.0,14.0,3.0,0.2,2113,1.0
Algeria,3,1,1,10,12.0,3.0,9.0,2.4,0.6,1743,28.0
Austria,4,1,0,13,11.0,3.0,8.0,2.2,0.6,1827,24.0
Jordan,0,2,3,2,6.0,13.0,-7.0,1.2,2.6,1690,68.0
Portugal,3,2,0,11,7.0,3.0,4.0,1.4,0.6,1984,5.0
DR Congo,2,2,1,8,5.0,3.0,2.0,1.0,0.6,1655,46.0
Uzbekistan,1,1,3,4,5.0,8.0,-3.0,1.0,1.6,1727,50.0
Colombia,3,0,2,9,10.0,7.0,3.0,2.0,1.4,1975,13.0
England,3,1,1,10,9.0,4.0,5.0,1.8,0.8,2020,4.0
Croatia,2,0,3,6,7.0,11.0,-4.0,1.4,2.2,1930,11.0
Ghana,1,1,3,4,4.0,10.0,-6.0,0.8,2.0,1503,81.0
Panama,2,1,2,7,9.0,11.0,-2.0,1.8,2.2,1737,34.0
