Team,Group Winner,Group Runner-up,Best Third,Qualified for R32,Round of 16,Quarter-final,Semi-final,Final,Champion
Spain,87.86,11.52,0.48,99.86,87.67,78.19,71.33,59.2,45.28
Argentina,89.28,8.78,1.51,99.57,78.34,68.2,56.38,47.15,23.47
France,64.17,25.51,8.46,98.14,87.74,65.61,45.51,19.91,12.19
England,60.91,31.61,6.03,98.55,70.83,44.74,24.37,8.06,3.32
Colombia,53.36,34.91,7.87,96.14,67.45,43.71,18.41,9.36,2.8
Netherlands,56.51,35.2,6.05,97.76,66.96,37.37,24.37,9.66,2.13
Brazil,61.28,24.85,10.28,96.41,60.59,39.54,25.62,8.72,2.0
Portugal,40.2,42.2,10.94,93.34,61.39,35.71,12.9,6.14,1.67
Ecuador,49.08,41.72,6.96,97.76,61.84,39.85,19.02,5.74,1.6
Croatia,35.22,50.19,10.58,95.99,58.03,27.61,12.17,3.68,1.11
Norway,21.46,38.83,26.94,87.23,50.89,23.06,9.18,2.42,0.77
Türkiye,54.88,26.72,11.1,92.7,69.55,42.77,9.16,2.99,0.71
Japan,39.63,46.09,9.41,95.13,51.77,23.66,13.01,3.21,0.63
Germany,48.23,44.63,5.38,98.24,59.58,36.85,14.91,3.55,0.62
Switzerland,74.18,21.14,3.83,99.15,77.65,21.16,9.14,3.21,0.49
Uruguay,11.55,71.99,9.31,92.85,30.49,15.75,5.95,1.89,0.29
Senegal,13.9,32.42,31.86,78.18,42.28,15.13,4.25,1.1,0.28
Mexico,63.76,23.88,8.59,96.23,74.58,27.81,7.41,1.45,0.25
Belgium,68.2,22.12,6.6,96.92,66.25,27.82,3.94,0.84,0.15
Paraguay,23.31,31.36,20.23,74.9,43.15,16.16,3.09,0.5,0.1
Austria,5.09,42.81,18.64,66.54,14.53,4.55,1.07,0.28,0.05
Canada,21.5,53.68,14.85,90.03,47.49,9.88,1.5,0.17,0.04
Morocco,30.53,53.7,9.73,93.96,28.56,7.07,2.22,0.31,0.02
Scotland,7.45,16.23,43.53,67.21,15.95,4.18,0.81,0.05,0.01
Algeria,3.98,34.48,25.45,63.91,10.34,2.02,0.27,0.03,0.01
DR Congo,1.59,7.44,17.06,26.09,2.61,0.25,0.03,0.01,0.01
Czechia,14.19,32.27,28.21,74.67,29.01,5.14,0.47,0.02,0.0
Australia,16.16,26.92,24.29,67.37,30.6,8.7,0.96,0.15,0.0
USA,5.65,15.0,17.96,38.61,10.73,1.96,0.14,0.0,0.0
Bosnia and Herzegovina,3.82,19.42,37.16,60.4,8.66,0.97,0.01,0.0,0.0
Tunisia,1.19,6.31,15.62,23.12,1.7,0.12,0.01,0.0,0.0
Cape Verde,0.27,7.8,20.03,28.1,1.77,0.05,0.0,0.0,0.0
Sweden,2.67,12.4,35.56,50.63,4.41,0.46,0.04,0.0,0.0
Curaçao,0.33,2.27,9.63,12.23,0.65,0.01,0.0,0.0,0.0
South Korea,20.7,37.47,23.5,81.67,36.48,7.56,0.92,0.04,0.0
South Africa,1.35,6.38,9.89,17.62,2.22,0.22,0.01,0.0,0.0
Jordan,1.65,13.93,14.32,29.9,5.2,0.78,0.06,0.0,0.0
Ivory Coast,2.36,11.38,46.84,60.58,7.5,1.07,0.05,0.0,0.0
Saudi Arabia,0.32,8.69,18.2,27.21,1.81,0.1,0.0,0.0,0.0
Qatar,0.5,5.76,11.48,17.74,1.45,0.04,0.0,0.0,0.0
Egypt,5.81,22.31,23.47,51.59,8.29,0.87,0.04,0.01,0.0
Ghana,0.2,1.74,5.96,7.9,0.23,0.01,0.0,0.0,0.0
Panama,3.67,16.46,44.95,65.08,10.35,2.05,0.23,0.01,0.0
Haiti,0.74,5.22,9.02,14.98,0.72,0.07,0.0,0.0,0.0
New Zealand,4.05,13.53,18.47,36.05,4.06,0.29,0.0,0.0,0.0
Iran,21.94,42.04,17.56,81.54,37.85,8.69,0.78,0.1,0.0
Iraq,0.47,3.24,6.88,10.59,1.06,0.12,0.0,0.0,0.0
Uzbekistan,4.85,15.45,29.33,49.63,8.74,2.07,0.26,0.04,0.0
