Team,Count,Probability (%)
France,1070,21.4
England,577,11.54
Spain,539,10.78
Argentina,338,6.76
Netherlands,319,6.38
Brazil,310,6.2
Ecuador,293,5.86
Croatia,206,4.12
Germany,204,4.08
Colombia,199,3.98
Portugal,160,3.2
Japan,144,2.88
Norway,117,2.34
Türkiye,111,2.22
Mexico,82,1.64
Senegal,76,1.52
Switzerland,72,1.44
Uruguay,69,1.38
Belgium,33,0.66
Paraguay,25,0.5
Morocco,12,0.24
Canada,10,0.2
Austria,8,0.16
Iran,6,0.12
Australia,5,0.1
South Korea,5,0.1
Scotland,3,0.06
Uzbekistan,3,0.06
Algeria,1,0.02
Czechia,1,0.02
Panama,1,0.02
Jordan,1,0.02
